Ground,Ground_country
Melbourne,Australia
Manchester,England
Lord's,England
Birmingham,England
Christchurch,New Zealand
Swansea,England
Leeds,England
The Oval,England
Dunedin,New Zealand
Nottingham,England
Wellington,New Zealand
Adelaide,Australia
Auckland,New Zealand
Scarborough,
Sialkot,Pakistan
Albion,Australia
Sahiwal,Pakistan
Lahore,Pakistan
St John's,West Indies
Castries,West Indies
Quetta,Pakistan
Sydney,Australia
Brisbane,Australia
Karachi,Pakistan
Perth,Australia
Kingstown,West Indies
Hamilton,New Zealand
Ahmedabad,India
Jalandhar,India
Cuttack,India
Colombo (SSC),Sri Lanka
Amritsar,India
Delhi,India
Hyderabad (Sind),Pakistan
Bengaluru,India
Gujranwala,Pakistan
Multan,Pakistan
Port of Spain,West Indies
Napier,New Zealand
St George's,West Indies
Colombo (PSS),Sri Lanka
Taunton,England
Leicester,England
Bristol,England
Southampton,England
Derby,England
TunbridgeWells,England
Chelmsford,England
Hyderabad (Deccan),India
Jaipur,India
Srinagar,India
Vadodara,India
Indore,India
Jamshedpur,India
Guwahati,India
Moratuwa,Sri Lanka
Sharjah,U.A.E.
Kingston,West Indies
New Delhi,India
Thiruvananthapuram,India
Peshawar,Pakistan
Faisalabad,Pakistan
Pune,India
Hobart,Australia
Nagpur,India
Chandigarh,India
Bridgetown,West Indies
Rawalpindi,Pakistan
Launceston,Australia
Kandy,Sri Lanka
Colombo (RPS),Sri Lanka
Rajkot,India
Kanpur,India
Mumbai,India
Devonport,Australia
Kolkata,India
Chennai,India
Faridabad,India
Gwalior,India
Georgetown,West Indies
Dhaka,Bangladesh
Chittagong,Bangladesh
Visakhapatnam,India
Mumbai (BS),India
Margao,India
Lucknow,India
Sargodha,Pakistan
New Plymouth,New Zealand
Mackay,Australia
Ballarat,Australia
Canberra,Australia
Berri,Australia
Albury,Australia
Harare,Zimbabwe
Bulawayo,Zimbabwe
CapeTown,South Africa
Port Elizabeth,South Africa
Centurion,South Africa
Johannesburg,South Africa
Bloemfontein,South Africa
Durban,South Africa
East London,England
Patna,India
Mohali,India
Singapore,Singapore
Toronto,Canada
Nairobi (Gym),Kenya
Nairobi (Club),Kenya
Nairobi (Aga),Kenya
Paarl,South Africa
Benoni,South Africa
Kochi,India
Kimberley,South Africa
Sheikhupura,Pakistan
Taupo,New Zealand
Hove,England
Worcester,England
Canterbury,England
Northampton,England
Cardiff,England
Chester-le-Street,England
Dublin,Ireland
Edinburgh,Scotland
Amstelveen,Netherlands
Galle,Sri Lanka
Melbourne (Docklands),Australia
Potchefstroom,South Africa
Jodhpur,India
Dambulla,Sri Lanka
Gros Islet,West Indies
Tangier,Morocco
Vijayawada,India
Queenstown,South Africa
Pietermaritzburg,South Africa
Cairns,Australia
Darwin,Australia
Bogra,Bangladesh
Khulna,Bangladesh
Fatullah,Bangladesh
Abu Dhabi,U.A.E.
Basseterre,West Indies
Belfast,Ireland
Kuala Lumpur,Malaysia
North Sound,West Indies
Providence,West Indies
Glasgow,Scotland
Aberdeen,Scotland
Dubai (DSC),U.A.E.
Roseau,West Indies
Hambantota,Sri Lanka
Pallekele,Sri Lanka
Whangarei,New Zealand
Ranchi,India
Dharamsala,India
Dublin (Malahide),Ireland
Nelson,New Zealand
Mount Maunganui,New Zealand
Worcester,
Nairobi,Kenya
Kwekwe,Zimbabwe
Ayr,Scotland
Mombasa,Kenya
Nairobi (Jaff),Kenya
Nairobi (Ruaraka),Kenya
Rotterdam,Netherlands
King City (NW),Canada
The Hague,Netherlands
Schiedam,Netherlands
ICCA Dubai,U.A.E.
Nelson,New Zealand
Lincoln,
Mong Kok,Hong Kong
Greater Noida,India
Port Moresby,P.N.G.
